Date ,Open ,High ,Low ,Close ,Shares Traded ,Turnover (₹ Cr)
09-SEP-2026,23522.05,23571.55,23431.5,23431.5,352925400,27788.38
08-SEP-2026,23743.1,23758.95,23623.1,23635.1,230133309,18718.76
07-SEP-2026,23883.15,23890,23737.9,23779.15,205864370,17371.86
04-SEP-2026,23910.9,24005.75,23895.85,23897.7,231396362,18379.67
03-SEP-2026,23997.95,24025.4,23873.45,23873.45,239174046,19968.37
02-SEP-2026,23858,23914.45,23786.8,23914.45,318881826,25868.81
01-SEP-2026,24077.55,24143.15,23952.55,24055.8,334207690,27996.18
31-AUG-2026,24117.55,24128.7,23993.6,24080.4,710870778,49193.19
28-AUG-2026,24122.6,24188.3,24076.85,24175.65,296127942,20865.45
27-AUG-2026,24277.6,24297.45,24090.85,24090.85,323419647,24757.82
26-AUG-2026,24341.95,24378.6,24207.75,24207.75,244793446,17446.06
25-AUG-2026,24175.75,24334.55,24115.45,24334.55,239453630,18743.01
24-AUG-2026,24285.05,24313,24144.3,24219.05,236285363,17854.63
21-AUG-2026,24284.05,24284.05,24206.8,24252,259287088,18607.89
20-AUG-2026,24225.45,24265.15,24184.55,24231.85,253928495,18777.61
19-AUG-2026,24152.05,24172.85,24025.65,24078.3,238718813,19084.84
18-AUG-2026,24223.85,24269.65,24154.9,24154.9,227027460,19183.5
17-AUG-2026,24343.45,24360.1,24226.95,24287.65,225427674,18400.29
14-AUG-2026,24361.9,24405.2,24296.8,24366,267706410,22136.2
13-AUG-2026,24431.6,24431.6,24311.4,24395.85,295823169,24255.39
12-AUG-2026,24472.45,24473.3,24265.95,24435.95,317552958,27570.47
11-AUG-2026,24575.1,24576.85,24429.25,24471.7,271943567,24402.81
10-AUG-2026,24581.25,24620.95,24511.1,24583.8,269507262,24738.66
07-AUG-2026,24538.9,24630.4,24522.75,24570.65,254819435,26131.19
06-AUG-2026,24641,24677.05,24604.15,24636,344001180,30115.41
05-AUG-2026,24669.2,24677.6,24497.95,24624.65,355518193,31164.27
04-AUG-2026,24703.9,24703.9,24427.95,24614.9,296554546,26153.94
03-AUG-2026,24572.7,24774.3,24515.15,24774.3,342283085,27052.25
31-JUL-2026,24361.45,24429.4,24299.7,24383.6,411693361,34459.53
30-JUL-2026,24249.55,24342.95,24187.1,24317.15,400636260,33566.22
29-JUL-2026,24176.65,24283.55,24136.75,24250.2,424150311,34189.33
28-JUL-2026,23971.25,24041.15,23954.6,23985.35,437827320,35846.87
27-JUL-2026,23928.4,24011.6,23891.55,23995.95,319367545,25340.46
24-JUL-2026,23666.35,23823.6,23606.3,23767.45,333870912,28825.72
23-JUL-2026,23904.8,23990.75,23807.2,23869.6,344042832,28259.45
22-JUL-2026,24150.45,24166.3,23961.4,23996.25,304745142,25211.83
21-JUL-2026,24216.05,24262.2,24135.65,24187.7,315560285,28361.57
20-JUL-2026,24190.05,24266.1,24135.85,24238.5,353095939,31370.66
17-JUL-2026,24127.6,24367.3,24099.05,24334.3,387772135,28825.71
16-JUL-2026,24142.1,24186.5,24050,24072.75,264271962,24244.17
15-JUL-2026,24085.85,24220.35,24010.55,24078.5,306924577,26842
14-JUL-2026,24068,24157.1,24023.7,24052.05,355829008,31700.08
13-JUL-2026,24039.4,24259.8,24000.2,24211,322678968,27998.31
10-JUL-2026,24124.7,24228.45,24120.35,24206.9,313072212,24577.43
09-JUL-2026,23928.95,24134.7,23925.7,23962.8,384795241,33799.64
08-JUL-2026,24259.55,24300,23805.2,23882.05,420531527,32939.28
07-JUL-2026,24464.45,24530.9,24348.95,24398.7,412624457,36436.58
06-JUL-2026,24306.85,24458.65,24287.1,24430.35,329356507,24862.07
03-JUL-2026,24375.65,24378.15,24252.35,24270.85,326634751,25955.73
02-JUL-2026,24062.2,24194.55,24058.8,24175.7,372941283,30789.57
01-JUL-2026,23897.65,24049.9,23895.1,24005.85,352148975,27760.09
30-JUN-2026,24032.05,24035.55,23829.2,23865.75,449044753,39507.02
29-JUN-2026,24061.75,24120,23924.55,23946.25,588498045,47361.14
25-JUN-2026,24125.85,24261.6,24039,24056,448752143,40015.4
24-JUN-2026,23795.8,24090.05,23789.25,24021.65,395578738,31302.8
23-JUN-2026,24071.3,24135.5,23784.95,23824.1,340090069,28997.57
22-JUN-2026,24106.6,24168.05,24073.15,24102.9,252821156,21763.92
19-JUN-2026,23991.2,24047.2,23901.9,24013.1,447858148,40191.19
18-JUN-2026,24073.8,24189.25,24036.95,24168,339988612,28654.85
17-JUN-2026,24044.5,24108.2,23969.7,24085.7,352665809,26947.5
16-JUN-2026,23923.9,24002.6,23888.2,23989.15,327307262,27953.23
15-JUN-2026,23984.85,24011.4,23817.8,23853.9,398913735,34783.09
12-JUN-2026,23412.55,23645.35,23313.9,23622.9,351944432,29593.12
11-JUN-2026,23104.4,23327.45,23072.05,23161.6,362996956,28529.75
10-JUN-2026,23233.95,23425.35,23184.6,23214.95,380030627,31906.68
09-JUN-2026,23259.05,23279.4,23104.45,23242.1,402552937,32911.17
08-JUN-2026,23080.7,23267.3,23070.15,23123,375730763,26550.42
05-JUN-2026,23478.95,23516.35,23282.65,23366.7,366208223,28432.83
04-JUN-2026,23282.45,23465.3,23247.3,23416.55,412505524,32848.46
03-JUN-2026,23415.95,23459.65,23151.5,23405.6,450089851,36726.56
02-JUN-2026,23229.15,23556.95,23229.15,23483.55,511852817,43063.5
01-JUN-2026,23654.5,23733.7,23357.95,23382.6,421691204,33843.74
29-MAY-2026,23902.15,24002.8,23484.75,23547.75,1198023438,101439
27-MAY-2026,23880.35,23983.2,23858.25,23907.15,531572650,34903.35
26-MAY-2026,24004.1,24089.8,23885.45,23913.7,387932940,29835.11
25-MAY-2026,23940.25,24054.45,23922.85,24031.7,351224048,27301.94
22-MAY-2026,23671.2,23835.65,23671,23719.3,336108649,24993.16
21-MAY-2026,23830.05,23859.9,23596.6,23654.7,348183907,29930.79
20-MAY-2026,23457.25,23690.9,23397.3,23659,344050591,26163.78
19-MAY-2026,23675.3,23782.3,23587.2,23618,441953184,39325.73
18-MAY-2026,23482.2,23695.65,23317.1,23649.95,391968426,30029.02
15-MAY-2026,23731.4,23839.3,23610.3,23643.5,408864566,35052.32
14-MAY-2026,23530.25,23777.2,23426.55,23689.6,428735424,38828.33
13-MAY-2026,23362.45,23582.95,23262.55,23412.6,415359044,33693.48
12-MAY-2026,23722.6,23757.55,23348.4,23379.55,447518189,36200.59
11-MAY-2026,23970.1,23997.45,23799.1,23815.85,390108343,37404.28
08-MAY-2026,24233.65,24253.8,24126.65,24176.15,335887188,31217.1
07-MAY-2026,24398.5,24482.1,24284,24326.65,440621691,39529.1
06-MAY-2026,24171,24356.5,23997.9,24330.95,429190144,38826.87
05-MAY-2026,24052.6,24081.7,23882.05,24032.8,363297728,33650.36
04-MAY-2026,24063.55,24290.2,24004.75,24119.3,419069793,35790.21
30-APR-2026,23996.95,24087.45,23796.85,23997.55,505520648,44420.83
29-APR-2026,24096.9,24334.7,24059.95,24177.65,531122966,38035.47
28-APR-2026,24049.9,24181.8,23957.05,23995.7,554134344,43390.29
27-APR-2026,23945.45,24130.7,23936.2,24092.7,430297937,36685.28
24-APR-2026,24100.55,24206,23813.65,23897.95,438433486,36898.39
23-APR-2026,24202.35,24310.2,24134.8,24173.05,467549860,39616.97
22-APR-2026,24470.85,24515.95,24352.9,24378.1,440524292,38980.03
21-APR-2026,24374.55,24601.7,24354.9,24576.6,425826834,37315.7
20-APR-2026,24391.5,24480.65,24241.25,24364.85,415942883,35042.31
17-APR-2026,24165.9,24371.9,24096.05,24353.55,498625189,35373.29
16-APR-2026,24385.2,24400.95,24102.8,24196.75,508017772,44634.35
15-APR-2026,24163.8,24280.9,24145.8,24231.3,460334041,38376.84
13-APR-2026,23589.6,23907.4,23555.6,23842.65,488844789,41931.51
10-APR-2026,23880.55,24074.05,23856.35,24050.6,481302436,40109.22
09-APR-2026,23909.05,23990.75,23682.8,23775.1,466587329,40443.59
08-APR-2026,23855.15,24025.15,23828.5,23997.35,639257993,56557.11
07-APR-2026,22838.7,23153.85,22719.3,23123.65,476981883,38940.47
06-APR-2026,22780.3,22998.35,22542.95,22968.25,426416812,35893.16
02-APR-2026,22383.4,22782.3,22182.55,22713.1,495121035,38669.56
01-APR-2026,22899,22941.3,22618.6,22679.4,517954448,41192.2
30-MAR-2026,22549.65,22714.1,22283.85,22331.4,698599891,53093.7
27-MAR-2026,23173.55,23186.1,22804.55,22819.6,612556883,47239.2
25-MAR-2026,23064.4,23465.35,23063.2,23306.45,505418973,40733.98
24-MAR-2026,22878.45,23057.3,22624.2,22912.4,538098322,43385.04
23-MAR-2026,22824.35,22851.7,22471.25,22512.65,550275334,41002.59
20-MAR-2026,23110.15,23345.15,23067.6,23114.5,663289390,50308.33
19-MAR-2026,23197.75,23378.7,22930.35,23002.15,550147401,42000.27
18-MAR-2026,23632.9,23862.25,23618.45,23777.8,382876401,28805.6
17-MAR-2026,23493.2,23656.8,23346.6,23581.15,458788167,34495.73
16-MAR-2026,23116.1,23502,22955.25,23408.8,540293230,44710.21
13-MAR-2026,23462.5,23492.4,23112,23151.1,519776752,40786.7
12-MAR-2026,23674.85,23833.15,23556.3,23639.15,501004098,40147.62
11-MAR-2026,24231.85,24299,23834.3,23866.85,407400643,32549.4
10-MAR-2026,24280.8,24303.8,24079.95,24261.6,444283436,36657.53
09-MAR-2026,23868.05,24078.15,23697.8,24028.05,526901605,40569.31
06-MAR-2026,24656.4,24700.8,24415.75,24450.45,433408256,35453.32
05-MAR-2026,24615.95,24854.2,24529.4,24765.9,504339053,40011.88
04-MAR-2026,24388.8,24602.45,24305.4,24480.5,598993881,47700.19
02-MAR-2026,24659.25,24989.35,24603.5,24865.7,519228821,41306.37
27-FEB-2026,25459.85,25476.4,25141.3,25178.65,438924282,38634.68
26-FEB-2026,25556.3,25572.95,25400.95,25496.55,405219244,33155.5
25-FEB-2026,25512.6,25652.6,25428.2,25482.5,414215742,31084.17
24-FEB-2026,25641.8,25641.8,25327.6,25424.65,439068188,36735.38
23-FEB-2026,25678.4,25771.45,25609.35,25713,399135843,25494.64
20-FEB-2026,25406.55,25663.55,25379.75,25571.25,309373691,24024.7
19-FEB-2026,25873.35,25885.3,25388.75,25454.35,333658812,24756.87
18-FEB-2026,25752.65,25828.05,25645.15,25819.35,400807585,22228.22
17-FEB-2026,25637.95,25764.4,25570.3,25725.4,378436265,27818.81
16-FEB-2026,25423.6,25697,25372.7,25682.75,325487729,22205.92
13-FEB-2026,25571.15,25630.35,25444.3,25471.1,453523192,40137.15
12-FEB-2026,25906.7,25906.7,25752.4,25807.2,419388014,38977.68
11-FEB-2026,25997.45,26009.4,25899.8,25953.85,331389240,31456.05
10-FEB-2026,25922.65,25989.45,25870.45,25935.15,460878237,32795.1
09-FEB-2026,25888.7,25922.25,25780.9,25867.3,359386006,28449.55
06-FEB-2026,25605.8,25703.95,25491.9,25693.7,375476124,29777.45
05-FEB-2026,25755.9,25757.65,25579.5,25642.8,343812628,28582.32
04-FEB-2026,25675.05,25818.55,25563.95,25776,429788986,36899.12
03-FEB-2026,26308.05,26341.2,25641.3,25727.55,637263148,52338.39
02-FEB-2026,24796.5,25108.1,24679.4,25088.4,449215604,34038.26
01-FEB-2026,25333.75,25440.9,24571.75,24825.45,379370206,25572.6
30-JAN-2026,25247.55,25370.7,25213.65,25320.65,508388604,40772.08
29-JAN-2026,25345,25458.15,25159.8,25418.9,582389331,44306.95
28-JAN-2026,25258.85,25372.1,25187.65,25342.75,574903942,42364.52
27-JAN-2026,25063.35,25246.65,24932.55,25175.4,618696080,50989.25
23-JAN-2026,25344.6,25347.95,25025.3,25048.65,393944908,31844.65
22-JAN-2026,25344.15,25435.75,25168.5,25289.9,486395433,34583.24
21-JAN-2026,25141,25300.95,24919.8,25157.5,395624981,30984.61
20-JAN-2026,25580.3,25585,25171.35,25232.5,409772324,31020.36
19-JAN-2026,25653.1,25653.3,25494.35,25585.5,443087953,33632.38
16-JAN-2026,25696.05,25873.5,25662.4,25694.35,434041776,37156.05
14-JAN-2026,25648.55,25791.75,25603.95,25665.6,393126596,28944.88
13-JAN-2026,25897.35,25899.8,25603.3,25732.3,339536336,31434.03
12-JAN-2026,25669.05,25813.15,25473.4,25790.25,275757268,23874.45
09-JAN-2026,25840.4,25940.6,25623,25683.3,348757262,27486.64
08-JAN-2026,26106.5,26133.2,25858.45,25876.85,328520950,27556.32
07-JAN-2026,26143.1,26187.15,26067.9,26140.75,338216740,30232.63
06-JAN-2026,26189.7,26273.95,26124.75,26178.7,383040203,34567.52
05-JAN-2026,26333.7,26373.2,26210.05,26250.3,338777649,25742.83
02-JAN-2026,26155.1,26340,26118.4,26328.55,357547806,23770.13
01-JAN-2026,26173.3,26197.55,26113.4,26146.55,425631910,23454.66
31-DEC-2025,25971.05,26187.95,25969,26129.6,246314941,20703.99
30-DEC-2025,25940.9,25976.75,25878,25938.85,396893959,39492.31
29-DEC-2025,26063.35,26106.8,25920.3,25942.1,234312888,18184.45
26-DEC-2025,26121.25,26144.2,26008.6,26042.3,142243763,12263.06
24-DEC-2025,26170.65,26236.4,26123,26142.1,188846828,17474.44
23-DEC-2025,26205.2,26233.55,26119.05,26177.15,216553840,19670.5
22-DEC-2025,26055.85,26180.7,26047.8,26172.4,252990050,25333.26
19-DEC-2025,25911.5,25993.35,25880.45,25966.4,382927284,36600.58
18-DEC-2025,25764.7,25902.35,25726.3,25815.55,197553755,20046.07
17-DEC-2025,25902.4,25929.15,25770.35,25818.55,206521258,19787.57
16-DEC-2025,25951.5,25980.75,25834.35,25860.1,264351195,23554.69
15-DEC-2025,25930.05,26047.15,25904.75,26027.3,181557703,17444.03
12-DEC-2025,25971.2,26057.6,25938.45,26046.95,216344338,19484.07
11-DEC-2025,25771.4,25922.8,25693.25,25898.55,206099631,20145.19
10-DEC-2025,25864.05,25947.65,25734.55,25758,207944446,21975.7
09-DEC-2025,25867.1,25923.65,25728,25839.65,275978160,29894.41
08-DEC-2025,26159.8,26178.7,25892.25,25960.55,320729920,31677.57
05-DEC-2025,25999.8,26202.6,25985.35,26186.45,249254405,27491.07
04-DEC-2025,25981.85,26098.25,25938.95,26033.75,248099545,26377.76
03-DEC-2025,26004.9,26066.45,25891,25986,265660108,25320.85
02-DEC-2025,26087.95,26154.6,25997.85,26032.2,254803113,26298.82
01-DEC-2025,26325.8,26325.8,26124.2,26175.75,213828573,21734.75
28-NOV-2025,26237.45,26280.75,26172.4,26202.95,202511545,20525.36
27-NOV-2025,26261.25,26310.45,26141.9,26215.55,240287057,25306.47
26-NOV-2025,25842.95,26215.15,25842.95,26205.3,275265169,31666.03
25-NOV-2025,25998.5,26032.6,25857.5,25884.8,260454909,25320.15
24-NOV-2025,26122.8,26142.8,25912.15,25959.5,464655063,44895.45
21-NOV-2025,26109.55,26179.2,26052.2,26068.15,235581427,24720.07
20-NOV-2025,26132.1,26246.65,26063.2,26192.15,240425729,25000.17
19-NOV-2025,25918.1,26074.65,25856.2,26052.65,250110008,24496.86
18-NOV-2025,26021.8,26029.85,25876.5,25910.05,280000989,26059.6
17-NOV-2025,25948.2,26024.2,25906.35,26013.45,264610565,23384.35
14-NOV-2025,25767.9,25940.2,25740.8,25910.05,518943416,33121.81
13-NOV-2025,25906.1,26010.7,25808.4,25879.15,385170023,30145.74
12-NOV-2025,25834.3,25934.55,25781.15,25875.8,343864299,30633.19
11-NOV-2025,25617,25715.8,25449.25,25694.95,297714069,28285.51
10-NOV-2025,25503.5,25653.45,25503.5,25574.35,243592948,25023.65
07-NOV-2025,25433.8,25551.25,25318.45,25492.3,305606393,35487
06-NOV-2025,25593.35,25679.15,25491.55,25509.7,371852417,36129.62
04-NOV-2025,25744.75,25787.4,25578.4,25597.65,305143084,29307.41
03-NOV-2025,25696.85,25803.1,25645.5,25763.35,275858501,23949.88
31-OCT-2025,25863.8,25953.75,25711.2,25722.1,334384400,28788.4
30-OCT-2025,25984.4,26032.05,25845.25,25877.85,257373001,24180.46
29-OCT-2025,25982,26097.85,25960.3,26053.9,321880610,26309.32
28-OCT-2025,25939.95,26041.7,25810.05,25936.2,395231207,37023.32
27-OCT-2025,25843.2,26005.95,25827,25966.05,266337274,23989.06
24-OCT-2025,25935.1,25944.15,25718.2,25795.15,284913477,23527.98
23-OCT-2025,26057.2,26104.2,25862.45,25891.4,448404894,41777.68
21-OCT-2025,25901.2,25934.35,25825.8,25868.6,42477128,3831.1
20-OCT-2025,25824.6,25926.2,25788.5,25843.15,301133193,29637.12
17-OCT-2025,25546.85,25781.5,25508.6,25709.85,422055809,35106.96
16-OCT-2025,25394.9,25625.4,25376.85,25585.3,372777021,32008.64
15-OCT-2025,25181.95,25365.15,25159.35,25323.55,289930172,25202.02
14-OCT-2025,25277.55,25310.35,25060.55,25145.5,292129083,24151.97
13-OCT-2025,25177.3,25267.3,25152.3,25227.35,234285202,20806.83
10-OCT-2025,25167.65,25330.75,25156.85,25285.35,232943306,21749.23
09-OCT-2025,25074.3,25199.25,25024.3,25181.8,286253252,22617.86
08-OCT-2025,25079.75,25192.5,25008.5,25046.15,225967495,21701.19
07-OCT-2025,25085.3,25220.9,25076.3,25108.3,286833765,26176.23
06-OCT-2025,24916.55,25095.95,24881.65,25077.65,271953070,25160.76
03-OCT-2025,24759.55,24904.8,24747.55,24894.25,366929642,31409.06
01-OCT-2025,24620.55,24867.95,24605.95,24836.3,308135228,29041.17
30-SEP-2025,24691.95,24731.8,24587.7,24611.1,304924720,29285.11
29-SEP-2025,24728.55,24791.3,24606.2,24634.9,394388242,40004.93
26-SEP-2025,24818.55,24868.6,24629.45,24654.7,291537949,29987.93
25-SEP-2025,25034.5,25092.7,24878.3,24890.85,342534768,32715.91
24-SEP-2025,25108.75,25149.85,25027.45,25056.9,244382281,22310.05
23-SEP-2025,25209,25261.9,25084.65,25169.5,299204338,31435.17
22-SEP-2025,25238.1,25331.7,25151.05,25202.35,254509892,25277.82
19-SEP-2025,25410.2,25431.4,25286.3,25327.05,380362832,38805.58
18-SEP-2025,25441.05,25448.55,25329.75,25423.6,272193683,24198.11
17-SEP-2025,25276.6,25346.5,25275.35,25330.25,268936695,23484.12
16-SEP-2025,25073.6,25261.4,25070.45,25239.1,240122320,22642.86
15-SEP-2025,25118.9,25138.45,25048.75,25069.2,185375759,17115.6
12-SEP-2025,25074.45,25139.45,25038.05,25114,225739766,21335.67
11-SEP-2025,24945.5,25037.3,24940.15,25005.5,224570983,21316.72
10-SEP-2025,24991,25035.7,24915.05,24973.1,244146466,22458.98